Date,TweetID,User,Location,Tweet,Likes_Count,Retweet_Count,Quote_Count,Reply_Count
2025-01-12 14:41:51+00:00,1878452334042243304,Adekunle_Bo,"Lagos, Nigeria","RT @ayindeautos: The bus driver is actually correct,
TRAFFICATING LEFT at this point means LEFT IS NOT SAFE

KINDLY REPOST to educate otherâ€¦",0,13,0,0
2025-01-12 14:39:56+00:00,1878451854348022056,Kolawole11960,,"RT @Mrfizzy_10: Lisabi 2 A Legend is Born is finally out, and Iâ€™m more than impressed itâ€™s absolutely captivating! Pride can ruin a good peâ€¦",0,15,0,0
2025-01-12 14:28:26+00:00,1878448960286683275,dxh8932,,"#LijoNo #Ø­Ø±Ø§Ø¦Ù‚_Ù„ÙˆØ³_Ø£Ù†Ø¬Ù„ÙˆØ³ #Ø­Ø±Ø§Ø¦Ù‚_ÙƒØ§Ù„ÙÙˆØ±Ù†ÙŠØ§ #LisabiALegendIsBorn #StarAcademy #StarAcademy #LosAngelesFires #HarshadChopda #SCPSLB #PSVAZ #FELIP #fundamentalpapereducation #FELIPFiresUpDUNK #Michoacan #MarineEnFinale 
#Ø³Ø§Ù„Ù…_Ø¨Ù†_Ø¬Ø¯ÙŠØ¹ https://t.co/LyenHqXaYI",0,0,0,0
2025-01-12 14:27:24+00:00,1878448699262591035,TheDimejiLateef,Nigeria,"RT @dahjesuboy: My rate 9/10 why there's originality and strong continiuty

I applaud my boss. Welldone @TheDimejiLateef

My notification nâ€¦",0,1,0,0
2025-01-12 14:23:24+00:00,1878447691820122373,Wimfatanya_nisi,,"RT @Mrfizzy_10: Lisabi 2 A Legend is Born is finally out, and Iâ€™m more than impressed itâ€™s absolutely captivating! Pride can ruin a good peâ€¦",0,15,0,0
2025-01-12 14:22:41+00:00,1878447511326560609,Keefayahq,Nigeria,RT @Gabbycosta06: The way i have  meticulously avoided Lisabi on Twitter  ehn...@TheDimejiLateef  notifications wan wound me but mio panic.â€¦,0,2,0,0
2025-01-12 14:20:48+00:00,1878447040033653115,zxLopy970,,"#LosAngelesFire #EmiratesFACup #LijoNo #Ø­Ø±Ø§Ø¦Ù‚_Ù„ÙˆØ³_Ø£Ù†Ø¬Ù„ÙˆØ³ #Ø­Ø±Ø§Ø¦Ù‚_ÙƒØ§Ù„ÙÙˆØ±Ù†ÙŠØ§ #LisabiALegendIsBorn #StarAcademy #StarAcademy #LosAngelesFires #HarshadChopda #SCPSLB #PSVAZ #FELIP #fundamentalpapereducation #FELIPFiresUpDUNK #Michoacan #MarineEnFinale 
#Ø³Ø§Ù„Ù…_Ø¨Ù†_Ø¬Ø¯ÙŠØ¹
10 https://t.co/9p63mHhhYs",0,0,0,0
2025-01-12 14:20:38+00:00,1878446995599200441,zxLopy970,,"#LosAngelesFire #EmiratesFACup #LijoNo #Ø­Ø±Ø§Ø¦Ù‚_Ù„ÙˆØ³_Ø£Ù†Ø¬Ù„ÙˆØ³ #Ø­Ø±Ø§Ø¦Ù‚_ÙƒØ§Ù„ÙÙˆØ±Ù†ÙŠØ§ #LisabiALegendIsBorn #StarAcademy #StarAcademy #LosAngelesFires #HarshadChopda #SCPSLB #PSVAZ #FELIP #fundamentalpapereducation #FELIPFiresUpDUNK #Michoacan #MarineEnFinale 
#Ø³Ø§Ù„Ù…_Ø¨Ù†_Ø¬Ø¯ÙŠØ¹
9 https://t.co/9p63mHhhYs",0,0,0,0
2025-01-12 14:20:27+00:00,1878446950942375977,zxLopy970,,"#LosAngelesFire #EmiratesFACup #LijoNo #Ø­Ø±Ø§Ø¦Ù‚_Ù„ÙˆØ³_Ø£Ù†Ø¬Ù„ÙˆØ³ #Ø­Ø±Ø§Ø¦Ù‚_ÙƒØ§Ù„ÙÙˆØ±Ù†ÙŠØ§ #LisabiALegendIsBorn #StarAcademy #StarAcademy #LosAngelesFires #HarshadChopda #SCPSLB #PSVAZ #FELIP #fundamentalpapereducation #FELIPFiresUpDUNK #Michoacan #MarineEnFinale 
#Ø³Ø§Ù„Ù…_Ø¨Ù†_Ø¬Ø¯ÙŠØ¹
8 https://t.co/9p63mHhhYs",0,0,0,0
2025-01-12 14:20:18+00:00,1878446914120659303,zxLopy970,,"#LosAngelesFire #EmiratesFACup #LijoNo #Ø­Ø±Ø§Ø¦Ù‚_Ù„ÙˆØ³_Ø£Ù†Ø¬Ù„ÙˆØ³ #Ø­Ø±Ø§Ø¦Ù‚_ÙƒØ§Ù„ÙÙˆØ±Ù†ÙŠØ§ #LisabiALegendIsBorn #StarAcademy #StarAcademy #LosAngelesFires #HarshadChopda #SCPSLB #PSVAZ #FELIP #fundamentalpapereducation #FELIPFiresUpDUNK #Michoacan #MarineEnFinale 
#Ø³Ø§Ù„Ù…_Ø¨Ù†_Ø¬Ø¯ÙŠØ¹
7 https://t.co/9p63mHhhYs",0,0,0,0
2025-01-12 14:20:08+00:00,1878446870692786569,zxLopy970,,"#LosAngelesFire #EmiratesFACup #LijoNo #Ø­Ø±Ø§Ø¦Ù‚_Ù„ÙˆØ³_Ø£Ù†Ø¬Ù„ÙˆØ³ #Ø­Ø±Ø§Ø¦Ù‚_ÙƒØ§Ù„ÙÙˆØ±Ù†ÙŠØ§ #LisabiALegendIsBorn #StarAcademy #StarAcademy #LosAngelesFires #HarshadChopda #SCPSLB #PSVAZ #FELIP #fundamentalpapereducation #FELIPFiresUpDUNK #Michoacan #MarineEnFinale 
#Ø³Ø§Ù„Ù…_Ø¨Ù†_Ø¬Ø¯ÙŠØ¹
6 https://t.co/9p63mHhhYs",0,0,0,0
2025-01-12 14:19:57+00:00,1878446826015391774,rbsb_s3,,"RT @thedrafner: HAWAI888  ğŸ’¯
à¸ªà¸¡à¸±à¸„à¸£à¸„à¸¥à¸´à¹‰à¸à¸¥à¸´à¹‰à¸‡à¸„à¹Œ : https://t.co/s2B6i0tzyj

â° : à¸à¸²à¸-à¸–à¸­à¸™à¹„à¸§ à¸£à¸°à¸šà¸šà¸­à¸­à¹‚à¸•à¹‰ 3à¸§à¸´
ğŸ’ : à¹à¸•à¸à¸‡à¹ˆà¸²à¸¢ à¹‚à¸šà¸™à¸±à¸ªà¸‰à¹ˆà¸³ à¹€à¸‚à¹‰à¸²à¸”à¸µà¹€à¸§à¸­à¸£à¹Œ
ğŸ’¯ :â€¦",0,5,0,0
2025-01-12 14:19:57+00:00,1878446823485919500,zxLopy970,,"#LosAngelesFire #EmiratesFACup #LijoNo #Ø­Ø±Ø§Ø¦Ù‚_Ù„ÙˆØ³_Ø£Ù†Ø¬Ù„ÙˆØ³ #Ø­Ø±Ø§Ø¦Ù‚_ÙƒØ§Ù„ÙÙˆØ±Ù†ÙŠØ§ #LisabiALegendIsBorn #StarAcademy #StarAcademy #LosAngelesFires #HarshadChopda #SCPSLB #PSVAZ #FELIP #fundamentalpapereducation #FELIPFiresUpDUNK #Michoacan #MarineEnFinale 
#Ø³Ø§Ù„Ù…_Ø¨Ù†_Ø¬Ø¯ÙŠØ¹
5 https://t.co/9p63mHhhYs",0,0,0,0
2025-01-12 14:19:47+00:00,1878446784722223164,zxLopy970,,"#LosAngelesFire #EmiratesFACup #LijoNo #Ø­Ø±Ø§Ø¦Ù‚_Ù„ÙˆØ³_Ø£Ù†Ø¬Ù„ÙˆØ³ #Ø­Ø±Ø§Ø¦Ù‚_ÙƒØ§Ù„ÙÙˆØ±Ù†ÙŠØ§ #LisabiALegendIsBorn #StarAcademy #StarAcademy #LosAngelesFires #HarshadChopda #SCPSLB #PSVAZ #FELIP #fundamentalpapereducation #FELIPFiresUpDUNK #Michoacan #MarineEnFinale 
#Ø³Ø§Ù„Ù…_Ø¨Ù†_Ø¬Ø¯ÙŠØ¹
4 https://t.co/9p63mHhhYs",0,0,0,0
2025-01-12 14:19:34+00:00,1878446728329793808,zxLopy970,,"#LosAngelesFire #EmiratesFACup #LijoNo #Ø­Ø±Ø§Ø¦Ù‚_Ù„ÙˆØ³_Ø£Ù†Ø¬Ù„ÙˆØ³ #Ø­Ø±Ø§Ø¦Ù‚_ÙƒØ§Ù„ÙÙˆØ±Ù†ÙŠØ§ #LisabiALegendIsBorn #StarAcademy #StarAcademy #LosAngelesFires #HarshadChopda #SCPSLB #PSVAZ #FELIP #fundamentalpapereducation #FELIPFiresUpDUNK #Michoacan #MarineEnFinale 
#Ø³Ø§Ù„Ù…_Ø¨Ù†_Ø¬Ø¯ÙŠØ¹
3 https://t.co/9p63mHhhYs",0,0,0,0
2025-01-12 14:19:25+00:00,1878446689821847727,zxLopy970,,"#LosAngelesFire #EmiratesFACup #LijoNo #Ø­Ø±Ø§Ø¦Ù‚_Ù„ÙˆØ³_Ø£Ù†Ø¬Ù„ÙˆØ³ #Ø­Ø±Ø§Ø¦Ù‚_ÙƒØ§Ù„ÙÙˆØ±Ù†ÙŠØ§ #LisabiALegendIsBorn #StarAcademy #StarAcademy #LosAngelesFires #HarshadChopda #SCPSLB #PSVAZ #FELIP #fundamentalpapereducation #FELIPFiresUpDUNK #Michoacan #MarineEnFinale 
#Ø³Ø§Ù„Ù…_Ø¨Ù†_Ø¬Ø¯ÙŠØ¹
2 https://t.co/9p63mHhhYs",0,0,0,0
2025-01-12 14:19:14+00:00,1878446643327938785,zxLopy970,,"#LosAngelesFire #EmiratesFACup #LijoNo #Ø­Ø±Ø§Ø¦Ù‚_Ù„ÙˆØ³_Ø£Ù†Ø¬Ù„ÙˆØ³ #Ø­Ø±Ø§Ø¦Ù‚_ÙƒØ§Ù„ÙÙˆØ±Ù†ÙŠØ§ #LisabiALegendIsBorn #StarAcademy #StarAcademy #LosAngelesFires #HarshadChopda #SCPSLB #PSVAZ #FELIP #fundamentalpapereducation #FELIPFiresUpDUNK #Michoacan #MarineEnFinale 
#Ø³Ø§Ù„Ù…_Ø¨Ù†_Ø¬Ø¯ÙŠØ¹ https://t.co/9p63mHhhYs",0,0,0,0
2025-01-12 14:16:14+00:00,1878445888521035848,dahjesuboy,Lagos mainland ,"My rate 9/10 why there's originality and strong continiuty

I applaud my boss. Welldone @TheDimejiLateef

My notification no gree me. Until I see the movie. This movie just gave me a sight of trust nobody and people will never be satisfied with.
#LisabiALegendIsBorn #Lisabi2",2,1,0,1
2025-01-12 14:13:58+00:00,1878445319110754666,yuuuuuuii_i,,"#LosAngelesFire #EmiratesFACup #LijoNo #Ø­Ø±Ø§Ø¦Ù‚_Ù„ÙˆØ³_Ø£Ù†Ø¬Ù„ÙˆØ³ #Ø­Ø±Ø§Ø¦Ù‚_ÙƒØ§Ù„ÙÙˆØ±Ù†ÙŠØ§ #LisabiALegendIsBorn #StarAcademy #StarAcademy #LosAngelesFires #HarshadChopda #SCPSLB #PSVAZ #FELIP #fundamentalpapereducation #FELIPFiresUpDUNK #Michoacan #MarineEnFinale 
#Ø³Ø§Ù„Ù…_Ø¨Ù†_Ø¬Ø¯ÙŠØ¹ 10 https://t.co/7bmjZ6Km2u",0,0,0,0
2025-01-12 14:13:53+00:00,1878445295928815630,yuuuuuuii_i,,"#LosAngelesFire #EmiratesFACup #LijoNo #Ø­Ø±Ø§Ø¦Ù‚_Ù„ÙˆØ³_Ø£Ù†Ø¬Ù„ÙˆØ³ #Ø­Ø±Ø§Ø¦Ù‚_ÙƒØ§Ù„ÙÙˆØ±Ù†ÙŠØ§ #LisabiALegendIsBorn #StarAcademy #StarAcademy #LosAngelesFires #HarshadChopda #SCPSLB #PSVAZ #FELIP #fundamentalpapereducation #FELIPFiresUpDUNK #Michoacan #MarineEnFinale 
#Ø³Ø§Ù„Ù…_Ø¨Ù†_Ø¬Ø¯ÙŠØ¹ 9 https://t.co/7bmjZ6Km2u",0,0,0,0
2025-01-12 14:13:47+00:00,1878445270922338651,yuuuuuuii_i,,"#LosAngelesFire #EmiratesFACup #LijoNo #Ø­Ø±Ø§Ø¦Ù‚_Ù„ÙˆØ³_Ø£Ù†Ø¬Ù„ÙˆØ³ #Ø­Ø±Ø§Ø¦Ù‚_ÙƒØ§Ù„ÙÙˆØ±Ù†ÙŠØ§ #LisabiALegendIsBorn #StarAcademy #StarAcademy #LosAngelesFires #HarshadChopda #SCPSLB #PSVAZ #FELIP #fundamentalpapereducation #FELIPFiresUpDUNK #Michoacan #MarineEnFinale 
#Ø³Ø§Ù„Ù…_Ø¨Ù†_Ø¬Ø¯ÙŠØ¹ 8 https://t.co/7bmjZ6Km2u",0,0,0,0
2025-01-12 14:13:41+00:00,1878445246452727938,yuuuuuuii_i,,"#LosAngelesFire #EmiratesFACup #LijoNo #Ø­Ø±Ø§Ø¦Ù‚_Ù„ÙˆØ³_Ø£Ù†Ø¬Ù„ÙˆØ³ #Ø­Ø±Ø§Ø¦Ù‚_ÙƒØ§Ù„ÙÙˆØ±Ù†ÙŠØ§ #LisabiALegendIsBorn #StarAcademy #StarAcademy #LosAngelesFires #HarshadChopda #SCPSLB #PSVAZ #FELIP #fundamentalpapereducation #FELIPFiresUpDUNK #Michoacan #MarineEnFinale 
#Ø³Ø§Ù„Ù…_Ø¨Ù†_Ø¬Ø¯ÙŠØ¹ 7 https://t.co/7bmjZ6Km2u",0,0,0,0
2025-01-12 14:13:36+00:00,1878445225518985636,yuuuuuuii_i,,"#LosAngelesFire #EmiratesFACup #LijoNo #Ø­Ø±Ø§Ø¦Ù‚_Ù„ÙˆØ³_Ø£Ù†Ø¬Ù„ÙˆØ³ #Ø­Ø±Ø§Ø¦Ù‚_ÙƒØ§Ù„ÙÙˆØ±Ù†ÙŠØ§ #LisabiALegendIsBorn #StarAcademy #StarAcademy #LosAngelesFires #HarshadChopda #SCPSLB #PSVAZ #FELIP #fundamentalpapereducation #FELIPFiresUpDUNK #Michoacan #MarineEnFinale 
#Ø³Ø§Ù„Ù…_Ø¨Ù†_Ø¬Ø¯ÙŠØ¹ 6 https://t.co/7bmjZ6Km2u",0,0,0,0
2025-01-12 14:13:29+00:00,1878445195726880825,yuuuuuuii_i,,"#LosAngelesFire #EmiratesFACup #LijoNo #Ø­Ø±Ø§Ø¦Ù‚_Ù„ÙˆØ³_Ø£Ù†Ø¬Ù„ÙˆØ³ #Ø­Ø±Ø§Ø¦Ù‚_ÙƒØ§Ù„ÙÙˆØ±Ù†ÙŠØ§ #LisabiALegendIsBorn #StarAcademy #StarAcademy #LosAngelesFires #HarshadChopda #SCPSLB #PSVAZ #FELIP #fundamentalpapereducation #FELIPFiresUpDUNK #Michoacan #MarineEnFinale 
#Ø³Ø§Ù„Ù…_Ø¨Ù†_Ø¬Ø¯ÙŠØ¹ 5 https://t.co/7bmjZ6Km2u",0,0,0,0
2025-01-12 14:13:23+00:00,1878445172809167080,yuuuuuuii_i,,"#LosAngelesFire #EmiratesFACup #LijoNo #Ø­Ø±Ø§Ø¦Ù‚_Ù„ÙˆØ³_Ø£Ù†Ø¬Ù„ÙˆØ³ #Ø­Ø±Ø§Ø¦Ù‚_ÙƒØ§Ù„ÙÙˆØ±Ù†ÙŠØ§ #LisabiALegendIsBorn #StarAcademy #StarAcademy #LosAngelesFires #HarshadChopda #SCPSLB #PSVAZ #FELIP #fundamentalpapereducation #FELIPFiresUpDUNK #Michoacan #MarineEnFinale 
#Ø³Ø§Ù„Ù…_Ø¨Ù†_Ø¬Ø¯ÙŠØ¹ 4 https://t.co/7bmjZ6Km2u",0,0,0,0
2025-01-12 14:13:18+00:00,1878445150159900792,yuuuuuuii_i,,"#LosAngelesFire #EmiratesFACup #LijoNo #Ø­Ø±Ø§Ø¦Ù‚_Ù„ÙˆØ³_Ø£Ù†Ø¬Ù„ÙˆØ³ #Ø­Ø±Ø§Ø¦Ù‚_ÙƒØ§Ù„ÙÙˆØ±Ù†ÙŠØ§ #LisabiALegendIsBorn #StarAcademy #StarAcademy #LosAngelesFires #HarshadChopda #SCPSLB #PSVAZ #FELIP #fundamentalpapereducation #FELIPFiresUpDUNK #Michoacan #MarineEnFinale 
#Ø³Ø§Ù„Ù…_Ø¨Ù†_Ø¬Ø¯ÙŠØ¹ 3 https://t.co/7bmjZ6Km2u",0,0,0,0
2025-01-12 14:13:11+00:00,1878445123505152068,yuuuuuuii_i,,"#LosAngelesFire #EmiratesFACup #LijoNo #Ø­Ø±Ø§Ø¦Ù‚_Ù„ÙˆØ³_Ø£Ù†Ø¬Ù„ÙˆØ³ #Ø­Ø±Ø§Ø¦Ù‚_ÙƒØ§Ù„ÙÙˆØ±Ù†ÙŠØ§ #LisabiALegendIsBorn #StarAcademy #StarAcademy #LosAngelesFires #HarshadChopda #SCPSLB #PSVAZ #FELIP #fundamentalpapereducation #FELIPFiresUpDUNK #Michoacan #MarineEnFinale 
#Ø³Ø§Ù„Ù…_Ø¨Ù†_Ø¬Ø¯ÙŠØ¹ 2 https://t.co/7bmjZ6Km2u",0,0,0,0
2025-01-12 14:13:07+00:00,1878445105889054972,yuuuuuuii_i,,"#LosAngelesFire #EmiratesFACup #LijoNo #Ø­Ø±Ø§Ø¦Ù‚_Ù„ÙˆØ³_Ø£Ù†Ø¬Ù„ÙˆØ³ #Ø­Ø±Ø§Ø¦Ù‚_ÙƒØ§Ù„ÙÙˆØ±Ù†ÙŠØ§ #LisabiALegendIsBorn #StarAcademy #StarAcademy #LosAngelesFires #HarshadChopda #SCPSLB #PSVAZ #FELIP #fundamentalpapereducation #FELIPFiresUpDUNK #Michoacan #MarineEnFinale 
#Ø³Ø§Ù„Ù…_Ø¨Ù†_Ø¬Ø¯ÙŠØ¹ 1 https://t.co/7bmjZ6Km2u",0,0,0,0
2025-01-12 14:13:02+00:00,1878445084296774012,yuuuuuuii_i,,"#LosAngelesFire #EmiratesFACup #LijoNo #Ø­Ø±Ø§Ø¦Ù‚_Ù„ÙˆØ³_Ø£Ù†Ø¬Ù„ÙˆØ³ #Ø­Ø±Ø§Ø¦Ù‚_ÙƒØ§Ù„ÙÙˆØ±Ù†ÙŠØ§ #LisabiALegendIsBorn #StarAcademy #StarAcademy #LosAngelesFires #HarshadChopda #SCPSLB #PSVAZ #FELIP #fundamentalpapereducation #FELIPFiresUpDUNK #Michoacan #MarineEnFinale 
#Ø³Ø§Ù„Ù…_Ø¨Ù†_Ø¬Ø¯ÙŠØ¹ https://t.co/7bmjZ6Km2u",0,0,0,0
2025-01-12 14:12:44+00:00,1878445006584680537,Xx3Nll,Kuwait,"#LosAngelesFire #EmiratesFACup #LijoNo #Ø­Ø±Ø§Ø¦Ù‚_Ù„ÙˆØ³_Ø£Ù†Ø¬Ù„ÙˆØ³ #Ø­Ø±Ø§Ø¦Ù‚_ÙƒØ§Ù„ÙÙˆØ±Ù†ÙŠØ§ #LisabiALegendIsBorn #StarAcademy #StarAcademy #LosAngelesFires #HarshadChopda #SCPSLB #PSVAZ #FELIP #fundamentalpapereducation #FELIPFiresUpDUNK #Michoacan #MarineEnFinale 
#Ø³Ø§Ù„Ù…_Ø¨Ù†_Ø¬Ø¯ÙŠØ¹ 10 https://t.co/8C9mD8fHQx",0,0,0,0
2025-01-12 14:12:35+00:00,1878444970111041774,Xx3Nll,Kuwait,"#LosAngelesFire #EmiratesFACup #LijoNo #Ø­Ø±Ø§Ø¦Ù‚_Ù„ÙˆØ³_Ø£Ù†Ø¬Ù„ÙˆØ³ #Ø­Ø±Ø§Ø¦Ù‚_ÙƒØ§Ù„ÙÙˆØ±Ù†ÙŠØ§ #LisabiALegendIsBorn #StarAcademy #StarAcademy #LosAngelesFires #HarshadChopda #SCPSLB #PSVAZ #FELIP #fundamentalpapereducation #FELIPFiresUpDUNK #Michoacan #MarineEnFinale 
#Ø³Ø§Ù„Ù…_Ø¨Ù†_Ø¬Ø¯ÙŠØ¹ 9 https://t.co/8C9mD8fHQx",0,0,0,0
2025-01-12 14:12:30+00:00,1878444948523024803,Xx3Nll,Kuwait,"#LosAngelesFire #EmiratesFACup #LijoNo #Ø­Ø±Ø§Ø¦Ù‚_Ù„ÙˆØ³_Ø£Ù†Ø¬Ù„ÙˆØ³ #Ø­Ø±Ø§Ø¦Ù‚_ÙƒØ§Ù„ÙÙˆØ±Ù†ÙŠØ§ #LisabiALegendIsBorn #StarAcademy #StarAcademy #LosAngelesFires #HarshadChopda #SCPSLB #PSVAZ #FELIP #fundamentalpapereducation #FELIPFiresUpDUNK #Michoacan #MarineEnFinale 
#Ø³Ø§Ù„Ù…_Ø¨Ù†_Ø¬Ø¯ÙŠØ¹ 8 https://t.co/8C9mD8fHQx",0,0,0,0
2025-01-12 14:12:23+00:00,1878444922350485762,Xx3Nll,Kuwait,"#LosAngelesFire #EmiratesFACup #LijoNo #Ø­Ø±Ø§Ø¦Ù‚_Ù„ÙˆØ³_Ø£Ù†Ø¬Ù„ÙˆØ³ #Ø­Ø±Ø§Ø¦Ù‚_ÙƒØ§Ù„ÙÙˆØ±Ù†ÙŠØ§ #LisabiALegendIsBorn #StarAcademy #StarAcademy #LosAngelesFires #HarshadChopda #SCPSLB #PSVAZ #FELIP #fundamentalpapereducation #FELIPFiresUpDUNK #Michoacan #MarineEnFinale 
#Ø³Ø§Ù„Ù…_Ø¨Ù†_Ø¬Ø¯ÙŠØ¹ 7 https://t.co/8C9mD8fHQx",0,0,0,0
2025-01-12 14:12:19+00:00,1878444902243065896,Xx3Nll,Kuwait,"#LosAngelesFire #EmiratesFACup #LijoNo #Ø­Ø±Ø§Ø¦Ù‚_Ù„ÙˆØ³_Ø£Ù†Ø¬Ù„ÙˆØ³ #Ø­Ø±Ø§Ø¦Ù‚_ÙƒØ§Ù„ÙÙˆØ±Ù†ÙŠØ§ #LisabiALegendIsBorn #StarAcademy #StarAcademy #LosAngelesFires #HarshadChopda #SCPSLB #PSVAZ #FELIP #fundamentalpapereducation #FELIPFiresUpDUNK #Michoacan #MarineEnFinale 
#Ø³Ø§Ù„Ù…_Ø¨Ù†_Ø¬Ø¯ÙŠØ¹ 6 https://t.co/8C9mD8fHQx",0,0,0,0
2025-01-12 14:12:14+00:00,1878444882055790897,Xx3Nll,Kuwait,"#LosAngelesFire #EmiratesFACup #LijoNo #Ø­Ø±Ø§Ø¦Ù‚_Ù„ÙˆØ³_Ø£Ù†Ø¬Ù„ÙˆØ³ #Ø­Ø±Ø§Ø¦Ù‚_ÙƒØ§Ù„ÙÙˆØ±Ù†ÙŠØ§ #LisabiALegendIsBorn #StarAcademy #StarAcademy #LosAngelesFires #HarshadChopda #SCPSLB #PSVAZ #FELIP #fundamentalpapereducation #FELIPFiresUpDUNK #Michoacan #MarineEnFinale 
#Ø³Ø§Ù„Ù…_Ø¨Ù†_Ø¬Ø¯ÙŠØ¹ 5 https://t.co/8C9mD8fHQx",0,0,0,0
2025-01-12 14:12:09+00:00,1878444862762054042,Xx3Nll,Kuwait,"#LosAngelesFire #EmiratesFACup #LijoNo #Ø­Ø±Ø§Ø¦Ù‚_Ù„ÙˆØ³_Ø£Ù†Ø¬Ù„ÙˆØ³ #Ø­Ø±Ø§Ø¦Ù‚_ÙƒØ§Ù„ÙÙˆØ±Ù†ÙŠØ§ #LisabiALegendIsBorn #StarAcademy #StarAcademy #LosAngelesFires #HarshadChopda #SCPSLB #PSVAZ #FELIP #fundamentalpapereducation #FELIPFiresUpDUNK #Michoacan #MarineEnFinale 
#Ø³Ø§Ù„Ù…_Ø¨Ù†_Ø¬Ø¯ÙŠØ¹ 4 https://t.co/8C9mD8fHQx",0,0,0,0
2025-01-12 14:12:04+00:00,1878444841710870631,Xx3Nll,Kuwait,"#LosAngelesFire #EmiratesFACup #LijoNo #Ø­Ø±Ø§Ø¦Ù‚_Ù„ÙˆØ³_Ø£Ù†Ø¬Ù„ÙˆØ³ #Ø­Ø±Ø§Ø¦Ù‚_ÙƒØ§Ù„ÙÙˆØ±Ù†ÙŠØ§ #LisabiALegendIsBorn #StarAcademy #StarAcademy #LosAngelesFires #HarshadChopda #SCPSLB #PSVAZ #FELIP #fundamentalpapereducation #FELIPFiresUpDUNK #Michoacan #MarineEnFinale 
#Ø³Ø§Ù„Ù…_Ø¨Ù†_Ø¬Ø¯ÙŠØ¹ 3 https://t.co/8C9mD8fHQx",0,0,0,0
2025-01-12 14:12:00+00:00,1878444822396121375,Xx3Nll,Kuwait,"#LosAngelesFire #EmiratesFACup #LijoNo #Ø­Ø±Ø§Ø¦Ù‚_Ù„ÙˆØ³_Ø£Ù†Ø¬Ù„ÙˆØ³ #Ø­Ø±Ø§Ø¦Ù‚_ÙƒØ§Ù„ÙÙˆØ±Ù†ÙŠØ§ #LisabiALegendIsBorn #StarAcademy #StarAcademy #LosAngelesFires #HarshadChopda #SCPSLB #PSVAZ #FELIP #fundamentalpapereducation #FELIPFiresUpDUNK #Michoacan #MarineEnFinale 
#Ø³Ø§Ù„Ù…_Ø¨Ù†_Ø¬Ø¯ÙŠØ¹ 2 https://t.co/8C9mD8fHQx",0,0,0,0
2025-01-12 14:11:54+00:00,1878444798484378091,Xx3Nll,Kuwait,"#LosAngelesFire #EmiratesFACup #LijoNo #Ø­Ø±Ø§Ø¦Ù‚_Ù„ÙˆØ³_Ø£Ù†Ø¬Ù„ÙˆØ³ #Ø­Ø±Ø§Ø¦Ù‚_ÙƒØ§Ù„ÙÙˆØ±Ù†ÙŠØ§ #LisabiALegendIsBorn #StarAcademy #StarAcademy #LosAngelesFires #HarshadChopda #SCPSLB #PSVAZ #FELIP #fundamentalpapereducation #FELIPFiresUpDUNK #Michoacan #MarineEnFinale 
#Ø³Ø§Ù„Ù…_Ø¨Ù†_Ø¬Ø¯ÙŠØ¹ 1 https://t.co/8C9mD8fHQx",0,0,0,0
2025-01-12 14:11:48+00:00,1878444775067549959,Xx3Nll,Kuwait,"#LosAngelesFire #EmiratesFACup #LijoNo #Ø­Ø±Ø§Ø¦Ù‚_Ù„ÙˆØ³_Ø£Ù†Ø¬Ù„ÙˆØ³ #Ø­Ø±Ø§Ø¦Ù‚_ÙƒØ§Ù„ÙÙˆØ±Ù†ÙŠØ§ #LisabiALegendIsBorn #StarAcademy #StarAcademy #LosAngelesFires #HarshadChopda #SCPSLB #PSVAZ #FELIP #fundamentalpapereducation #FELIPFiresUpDUNK #Michoacan #MarineEnFinale 
#Ø³Ø§Ù„Ù…_Ø¨Ù†_Ø¬Ø¯ÙŠØ¹ https://t.co/8C9mD8fHQx",0,0,0,0
2025-01-12 14:11:48+00:00,1878444772852920823,qyd17509,,"#LosAngelesFire #EmiratesFACup #LijoNo #Ø­Ø±Ø§Ø¦Ù‚_Ù„ÙˆØ³_Ø£Ù†Ø¬Ù„ÙˆØ³ #Ø­Ø±Ø§Ø¦Ù‚_ÙƒØ§Ù„ÙÙˆØ±Ù†ÙŠØ§ #LisabiALegendIsBorn #StarAcademy #StarAcademy #LosAngelesFires  #SCPSLB #PSVAZ  #fundamentalpapereducation #FELIPFiresUpDUNK #Michoacan #MarineEnFinale 
ØŒÙ¤#Ø³Ø§Ù„Ù…_Ø¨Ù†_Ø¬Ø¯ÙŠØ¹ https://t.co/ZzB3wgoKwx",0,0,0,0
2025-01-12 14:11:38+00:00,1878444732524720517,TheDimejiLateef,Nigeria,RT @Gabbycosta06: The way i have  meticulously avoided Lisabi on Twitter  ehn...@TheDimejiLateef  notifications wan wound me but mio panic.â€¦,0,2,0,0
2025-01-12 14:11:35+00:00,1878444719807565945,qyd17509,,"#LosAngelesFire #EmiratesFACup #LijoNo #Ø­Ø±Ø§Ø¦Ù‚_Ù„ÙˆØ³_Ø£Ù†Ø¬Ù„ÙˆØ³ #Ø­Ø±Ø§Ø¦Ù‚_ÙƒØ§Ù„ÙÙˆØ±Ù†ÙŠØ§ #LisabiALegendIsBorn #StarAcademy #StarAcademy #LosAngelesFires  #SCPSLB #PSVAZ  #fundamentalpapereducation #FELIPFiresUpDUNK #Michoacan #MarineEnFinale 
ØŒ #Ø³Ø§Ù„Ù…_Ø¨Ù†_Ø¬Ø¯ÙŠØ¹ https://t.co/ZzB3wgoKwx",0,0,0,0
2025-01-12 14:11:27+00:00,1878444686215401939,qyd17509,,"#LosAngelesFire #EmiratesFACup #LijoNo #Ø­Ø±Ø§Ø¦Ù‚_Ù„ÙˆØ³_Ø£Ù†Ø¬Ù„ÙˆØ³ #Ø­Ø±Ø§Ø¦Ù‚_ÙƒØ§Ù„ÙÙˆØ±Ù†ÙŠØ§ #LisabiALegendIsBorn #StarAcademy #StarAcademy #LosAngelesFires  #SCPSLB #PSVAZ  #fundamentalpapereducation #FELIPFiresUpDUNK #Michoacan #MarineEnFinale 
 Ù¨#Ø³Ø§Ù„Ù…_Ø¨Ù†_Ø¬Ø¯ÙŠØ¹ https://t.co/ZzB3wgoKwx",0,0,0,0
2025-01-12 14:11:22+00:00,1878444662840578350,tahaeez,,"#LosAngelesFire #EmiratesFACup #LijoNo #Ø­Ø±Ø§Ø¦Ù‚_Ù„ÙˆØ³_Ø£Ù†Ø¬Ù„ÙˆØ³ #Ø­Ø±Ø§Ø¦Ù‚_ÙƒØ§Ù„ÙÙˆØ±Ù†ÙŠØ§ #LisabiALegendIsBorn #StarAcademy #StarAcademy #LosAngelesFires #HarshadChopda #SCPSLB #PSVAZ #FELIP #fundamentalpapereducation #FELIPFiresUpDUNK #Michoacan #MarineEnFinale 
#Ø³Ø§Ù„Ù…_Ø¨Ù†_Ø¬Ø¯ÙŠØ¹ 10 https://t.co/JZu6FXj7LB",0,0,0,0
2025-01-12 14:11:16+00:00,1878444639688008076,tahaeez,,"#LosAngelesFire #EmiratesFACup #LijoNo #Ø­Ø±Ø§Ø¦Ù‚_Ù„ÙˆØ³_Ø£Ù†Ø¬Ù„ÙˆØ³ #Ø­Ø±Ø§Ø¦Ù‚_ÙƒØ§Ù„ÙÙˆØ±Ù†ÙŠØ§ #LisabiALegendIsBorn #StarAcademy #StarAcademy #LosAngelesFires #HarshadChopda #SCPSLB #PSVAZ #FELIP #fundamentalpapereducation #FELIPFiresUpDUNK #Michoacan #MarineEnFinale 
#Ø³Ø§Ù„Ù…_Ø¨Ù†_Ø¬Ø¯ÙŠØ¹ 9 https://t.co/JZu6FXj7LB",0,0,0,0
2025-01-12 14:11:08+00:00,1878444605001158971,qyd17509,,"#LosAngelesFire #EmiratesFACup #LijoNo #Ø­Ø±Ø§Ø¦Ù‚_Ù„ÙˆØ³_Ø£Ù†Ø¬Ù„ÙˆØ³ #Ø­Ø±Ø§Ø¦Ù‚_ÙƒØ§Ù„ÙÙˆØ±Ù†ÙŠØ§ #LisabiALegendIsBorn #StarAcademy #StarAcademy #LosAngelesFires  #SCPSLB #PSVAZ  #fundamentalpapereducation #FELIPFiresUpDUNK #Michoacan #MarineEnFinale 
#Ø³Ø§Ù„Ù…_Ø¨Ù†_Ø¬Ø¯ÙŠØ¹ Ù  https://t.co/ZzB3wgoKwx",0,0,0,0
2025-01-12 14:11:07+00:00,1878444602882949372,tahaeez,,"#LosAngelesFire #EmiratesFACup #LijoNo #Ø­Ø±Ø§Ø¦Ù‚_Ù„ÙˆØ³_Ø£Ù†Ø¬Ù„ÙˆØ³ #Ø­Ø±Ø§Ø¦Ù‚_ÙƒØ§Ù„ÙÙˆØ±Ù†ÙŠØ§ #LisabiALegendIsBorn #StarAcademy #StarAcademy #LosAngelesFires #HarshadChopda #SCPSLB #PSVAZ #FELIP #fundamentalpapereducation #FELIPFiresUpDUNK #Michoacan #MarineEnFinale 
#Ø³Ø§Ù„Ù…_Ø¨Ù†_Ø¬Ø¯ÙŠØ¹ 8 https://t.co/JZu6FXj7LB",0,0,0,0
2025-01-12 14:10:59+00:00,1878444568871395581,qyd17509,,"#LosAngelesFire #EmiratesFACup #LijoNo #Ø­Ø±Ø§Ø¦Ù‚_Ù„ÙˆØ³_Ø£Ù†Ø¬Ù„ÙˆØ³ #Ø­Ø±Ø§Ø¦Ù‚_ÙƒØ§Ù„ÙÙˆØ±Ù†ÙŠØ§ #LisabiALegendIsBorn #StarAcademy #StarAcademy #LosAngelesFires  #SCPSLB #PSVAZ  #fundamentalpapereducation #FELIPFiresUpDUNK #Michoacan #MarineEnFinale 
Ù¢Ù¢#Ø³Ø§Ù„Ù…_Ø¨Ù†_Ø¬Ø¯ÙŠØ¹ https://t.co/ZzB3wgoKwx",0,0,0,0
2025-01-12 14:10:57+00:00,1878444559178350777,tahaeez,,"#LosAngelesFire #EmiratesFACup #LijoNo #Ø­Ø±Ø§Ø¦Ù‚_Ù„ÙˆØ³_Ø£Ù†Ø¬Ù„ÙˆØ³ #Ø­Ø±Ø§Ø¦Ù‚_ÙƒØ§Ù„ÙÙˆØ±Ù†ÙŠØ§ #LisabiALegendIsBorn #StarAcademy #StarAcademy #LosAngelesFires #HarshadChopda #SCPSLB #PSVAZ #FELIP #fundamentalpapereducation #FELIPFiresUpDUNK #Michoacan #MarineEnFinale 
#Ø³Ø§Ù„Ù…_Ø¨Ù†_Ø¬Ø¯ÙŠØ¹ 7 https://t.co/JZu6FXj7LB",0,0,0,0
2025-01-12 14:10:51+00:00,1878444532779409430,tahaeez,,"#LosAngelesFire #EmiratesFACup #LijoNo #Ø­Ø±Ø§Ø¦Ù‚_Ù„ÙˆØ³_Ø£Ù†Ø¬Ù„ÙˆØ³ #Ø­Ø±Ø§Ø¦Ù‚_ÙƒØ§Ù„ÙÙˆØ±Ù†ÙŠØ§ #LisabiALegendIsBorn #StarAcademy #StarAcademy #LosAngelesFires #HarshadChopda #SCPSLB #PSVAZ #FELIP #fundamentalpapereducation #FELIPFiresUpDUNK #Michoacan #MarineEnFinale 
#Ø³Ø§Ù„Ù…_Ø¨Ù†_Ø¬Ø¯ÙŠØ¹ 6 https://t.co/JZu6FXj7LB",0,0,0,0
2025-01-12 14:10:50+00:00,1878444528698278273,qyd17509,,"#LosAngelesFire #EmiratesFACup #LijoNo #Ø­Ø±Ø§Ø¦Ù‚_Ù„ÙˆØ³_Ø£Ù†Ø¬Ù„ÙˆØ³ #Ø­Ø±Ø§Ø¦Ù‚_ÙƒØ§Ù„ÙÙˆØ±Ù†ÙŠØ§ #LisabiALegendIsBorn #StarAcademy #StarAcademy #LosAngelesFires  #SCPSLB #PSVAZ  #fundamentalpapereducation #FELIPFiresUpDUNK #Michoacan #MarineEnFinale 
 Ù¦#Ø³Ø§Ù„Ù…_Ø¨Ù†_Ø¬Ø¯ÙŠØ¹ https://t.co/ZzB3wgoKwx",0,0,0,0
2025-01-12 14:10:45+00:00,1878444509786190247,tahaeez,,"#LosAngelesFire #EmiratesFACup #LijoNo #Ø­Ø±Ø§Ø¦Ù‚_Ù„ÙˆØ³_Ø£Ù†Ø¬Ù„ÙˆØ³ #Ø­Ø±Ø§Ø¦Ù‚_ÙƒØ§Ù„ÙÙˆØ±Ù†ÙŠØ§ #LisabiALegendIsBorn #StarAcademy #StarAcademy #LosAngelesFires #HarshadChopda #SCPSLB #PSVAZ #FELIP #fundamentalpapereducation #FELIPFiresUpDUNK #Michoacan #MarineEnFinale 
#Ø³Ø§Ù„Ù…_Ø¨Ù†_Ø¬Ø¯ÙŠØ¹ 5 https://t.co/JZu6FXj7LB",0,0,0,0
2025-01-12 14:10:39+00:00,1878444484746244250,tahaeez,,"#LosAngelesFire #EmiratesFACup #LijoNo #Ø­Ø±Ø§Ø¦Ù‚_Ù„ÙˆØ³_Ø£Ù†Ø¬Ù„ÙˆØ³ #Ø­Ø±Ø§Ø¦Ù‚_ÙƒØ§Ù„ÙÙˆØ±Ù†ÙŠØ§ #LisabiALegendIsBorn #StarAcademy #StarAcademy #LosAngelesFires #HarshadChopda #SCPSLB #PSVAZ #FELIP #fundamentalpapereducation #FELIPFiresUpDUNK #Michoacan #MarineEnFinale 
#Ø³Ø§Ù„Ù…_Ø¨Ù†_Ø¬Ø¯ÙŠØ¹ 4 https://t.co/JZu6FXj7LB",0,0,0,0
2025-01-12 14:10:34+00:00,1878444462310895654,tahaeez,,"#LosAngelesFire #EmiratesFACup #LijoNo #Ø­Ø±Ø§Ø¦Ù‚_Ù„ÙˆØ³_Ø£Ù†Ø¬Ù„ÙˆØ³ #Ø­Ø±Ø§Ø¦Ù‚_ÙƒØ§Ù„ÙÙˆØ±Ù†ÙŠØ§ #LisabiALegendIsBorn #StarAcademy #StarAcademy #LosAngelesFires #HarshadChopda #SCPSLB #PSVAZ #FELIP #fundamentalpapereducation #FELIPFiresUpDUNK #Michoacan #MarineEnFinale 
#Ø³Ø§Ù„Ù…_Ø¨Ù†_Ø¬Ø¯ÙŠØ¹ 3 https://t.co/JZu6FXj7LB",0,0,0,0
2025-01-12 14:10:31+00:00,1878444448947781917,qyd17509,,"#LosAngelesFire #EmiratesFACup #LijoNo #Ø­Ø±Ø§Ø¦Ù‚_Ù„ÙˆØ³_Ø£Ù†Ø¬Ù„ÙˆØ³ #Ø­Ø±Ø§Ø¦Ù‚_ÙƒØ§Ù„ÙÙˆØ±Ù†ÙŠØ§ #LisabiALegendIsBorn #StarAcademy #StarAcademy #LosAngelesFires  #SCPSLB #PSVAZ  #fundamentalpapereducation #FELIPFiresUpDUNK #Michoacan #MarineEnFinale 
Ù¤Ù¤#Ø³Ø§Ù„Ù…_Ø¨Ù†_Ø¬Ø¯ÙŠØ¹ https://t.co/ZzB3wgoKwx",0,0,0,0
2025-01-12 14:10:21+00:00,1878444407440953409,qyd17509,,"#LosAngelesFire #EmiratesFACup #LijoNo #Ø­Ø±Ø§Ø¦Ù‚_Ù„ÙˆØ³_Ø£Ù†Ø¬Ù„ÙˆØ³ #Ø­Ø±Ø§Ø¦Ù‚_ÙƒØ§Ù„ÙÙˆØ±Ù†ÙŠØ§ #LisabiALegendIsBorn #StarAcademy #StarAcademy #LosAngelesFires  #SCPSLB #PSVAZ  #fundamentalpapereducation #FELIPFiresUpDUNK #Michoacan #MarineEnFinale 
Ù¡#Ø³Ø§Ù„Ù…_Ø¨Ù†_Ø¬Ø¯ÙŠØ¹ https://t.co/ZzB3wgoKwx",0,0,0,0
2025-01-12 14:10:09+00:00,1878444356362801625,qyd17509,,"#LosAngelesFire #EmiratesFACup #LijoNo #Ø­Ø±Ø§Ø¦Ù‚_Ù„ÙˆØ³_Ø£Ù†Ø¬Ù„ÙˆØ³ #Ø­Ø±Ø§Ø¦Ù‚_ÙƒØ§Ù„ÙÙˆØ±Ù†ÙŠØ§ #LisabiALegendIsBorn #StarAcademy #StarAcademy #LosAngelesFires  #SCPSLB #PSVAZ  #fundamentalpapereducation #FELIPFiresUpDUNK #Michoacan #MarineEnFinale 
Ù¨#Ø³Ø§Ù„Ù…_Ø¨Ù†_Ø¬Ø¯ÙŠØ¹ https://t.co/ZzB3wgoKwx",0,0,0,0
2025-01-12 14:09:18+00:00,1878444144416178343,qyd17509,,"#LosAngelesFire #EmiratesFACup #LijoNo #Ø­Ø±Ø§Ø¦Ù‚_Ù„ÙˆØ³_Ø£Ù†Ø¬Ù„ÙˆØ³ #Ø­Ø±Ø§Ø¦Ù‚_ÙƒØ§Ù„ÙÙˆØ±Ù†ÙŠØ§ #LisabiALegendIsBorn #StarAcademy #StarAcademy #LosAngelesFires  #SCPSLB #PSVAZ  #fundamentalpapereducation #FELIPFiresUpDUNK #Michoacan #MarineEnFinale 
#Ø³Ø§Ù„Ù…_Ø¨Ù†_Ø¬Ø¯ÙŠØ¹ 
6 https://t.co/ZzB3wgoKwx",0,0,0,0
2025-01-12 14:09:05+00:00,1878444089190019202,qyd17509,,"#LosAngelesFire #EmiratesFACup #LijoNo #Ø­Ø±Ø§Ø¦Ù‚_Ù„ÙˆØ³_Ø£Ù†Ø¬Ù„ÙˆØ³ #Ø­Ø±Ø§Ø¦Ù‚_ÙƒØ§Ù„ÙÙˆØ±Ù†ÙŠØ§ #LisabiALegendIsBorn #StarAcademy #StarAcademy #LosAngelesFires  #SCPSLB #PSVAZ  #fundamentalpapereducation #FELIPFiresUpDUNK #Michoacan #MarineEnFinale 
#Ø³Ø§Ù„Ù…_Ø¨Ù†_Ø¬Ø¯ÙŠØ¹
2 https://t.co/ZzB3wgpim5",0,0,0,0
2025-01-12 14:09:01+00:00,1878444071296872847,tahaeez,,"#LosAngelesFire #EmiratesFACup #LijoNo #Ø­Ø±Ø§Ø¦Ù‚_Ù„ÙˆØ³_Ø£Ù†Ø¬Ù„ÙˆØ³ #Ø­Ø±Ø§Ø¦Ù‚_ÙƒØ§Ù„ÙÙˆØ±Ù†ÙŠØ§ #LisabiALegendIsBorn #StarAcademy #StarAcademy #LosAngelesFires #HarshadChopda #SCPSLB #PSVAZ #FELIP #fundamentalpapereducation #FELIPFiresUpDUNK #Michoacan #MarineEnFinale 
#Ø³Ø§Ù„Ù…_Ø¨Ù†_Ø¬Ø¯ÙŠØ¹ 2 https://t.co/JZu6FXj7LB",0,0,0,0
2025-01-12 14:08:57+00:00,1878444055228555543,qyd17509,,"#LosAngelesFire #EmiratesFACup #LijoNo #Ø­Ø±Ø§Ø¦Ù‚_Ù„ÙˆØ³_Ø£Ù†Ø¬Ù„ÙˆØ³ #Ø­Ø±Ø§Ø¦Ù‚_ÙƒØ§Ù„ÙÙˆØ±Ù†ÙŠØ§ #LisabiALegendIsBorn #StarAcademy #StarAcademy #LosAngelesFires  #SCPSLB #PSVAZ  #fundamentalpapereducation #FELIPFiresUpDUNK #Michoacan #MarineEnFinale 
#Ø³Ø§Ù„Ù…_Ø¨Ù†_Ø¬Ø¯ÙŠØ¹ https://t.co/ZzB3wgoKwx",0,0,0,0
2025-01-12 14:08:51+00:00,1878444030037578036,tahaeez,,"#LosAngelesFire #EmiratesFACup #LijoNo #Ø­Ø±Ø§Ø¦Ù‚_Ù„ÙˆØ³_Ø£Ù†Ø¬Ù„ÙˆØ³ #Ø­Ø±Ø§Ø¦Ù‚_ÙƒØ§Ù„ÙÙˆØ±Ù†ÙŠØ§ #LisabiALegendIsBorn #StarAcademy #StarAcademy #LosAngelesFires #HarshadChopda #SCPSLB #PSVAZ #FELIP #fundamentalpapereducation #FELIPFiresUpDUNK #Michoacan #MarineEnFinale 
#Ø³Ø§Ù„Ù…_Ø¨Ù†_Ø¬Ø¯ÙŠØ¹ 1 https://t.co/JZu6FXj7LB",0,0,0,0
2025-01-12 14:08:44+00:00,1878444002170605773,tahaeez,,"#LosAngelesFire #EmiratesFACup #LijoNo #Ø­Ø±Ø§Ø¦Ù‚_Ù„ÙˆØ³_Ø£Ù†Ø¬Ù„ÙˆØ³ #Ø­Ø±Ø§Ø¦Ù‚_ÙƒØ§Ù„ÙÙˆØ±Ù†ÙŠØ§ #LisabiALegendIsBorn #StarAcademy #StarAcademy #LosAngelesFires #HarshadChopda #SCPSLB #PSVAZ #FELIP #fundamentalpapereducation #FELIPFiresUpDUNK #Michoacan #MarineEnFinale 
#Ø³Ø§Ù„Ù…_Ø¨Ù†_Ø¬Ø¯ÙŠØ¹ https://t.co/JZu6FXj7LB",0,0,0,0
2025-01-12 14:08:00+00:00,1878443818652942379,Gabbycosta06,Uranus,"The way i have  meticulously avoided Lisabi on Twitter  ehn...@TheDimejiLateef  notifications wan wound me but mio panic.. 

But today is the day, that the Lord has made.. i will rejoice and watch #LisabiALegendIsBorn #lisabi",3,2,0,1
2025-01-12 14:07:56+00:00,1878443799828938759,Ssssssff_,,"#LosAngelesFire #EmiratesFACup #LijoNo #Ø­Ø±Ø§Ø¦Ù‚_Ù„ÙˆØ³_Ø£Ù†Ø¬Ù„ÙˆØ³ #Ø­Ø±Ø§Ø¦Ù‚_ÙƒØ§Ù„ÙÙˆØ±Ù†ÙŠØ§ #LisabiALegendIsBorn #StarAcademy #StarAcademy #LosAngelesFires #HarshadChopda #SCPSLB #PSVAZ #FELIP #fundamentalpapereducation #FELIPFiresUpDUNK #Michoacan #MarineEnFinale 
#Ø³Ø§Ù„Ù…_Ø¨Ù†_Ø¬Ø¯ÙŠØ¹ 10 https://t.co/yRXzg2Ru9I",0,0,0,0
2025-01-12 14:07:51+00:00,1878443778291183674,Ssssssff_,,"#LosAngelesFire #EmiratesFACup #LijoNo #Ø­Ø±Ø§Ø¦Ù‚_Ù„ÙˆØ³_Ø£Ù†Ø¬Ù„ÙˆØ³ #Ø­Ø±Ø§Ø¦Ù‚_ÙƒØ§Ù„ÙÙˆØ±Ù†ÙŠØ§ #LisabiALegendIsBorn #StarAcademy #StarAcademy #LosAngelesFires #HarshadChopda #SCPSLB #PSVAZ #FELIP #fundamentalpapereducation #FELIPFiresUpDUNK #Michoacan #MarineEnFinale 
#Ø³Ø§Ù„Ù…_Ø¨Ù†_Ø¬Ø¯ÙŠØ¹ 9 https://t.co/yRXzg2Ru9I",0,0,0,0
2025-01-12 14:07:46+00:00,1878443758011789523,Ssssssff_,,"#LosAngelesFire #EmiratesFACup #LijoNo #Ø­Ø±Ø§Ø¦Ù‚_Ù„ÙˆØ³_Ø£Ù†Ø¬Ù„ÙˆØ³ #Ø­Ø±Ø§Ø¦Ù‚_ÙƒØ§Ù„ÙÙˆØ±Ù†ÙŠØ§ #LisabiALegendIsBorn #StarAcademy #StarAcademy #LosAngelesFires #HarshadChopda #SCPSLB #PSVAZ #FELIP #fundamentalpapereducation #FELIPFiresUpDUNK #Michoacan #MarineEnFinale 
#Ø³Ø§Ù„Ù…_Ø¨Ù†_Ø¬Ø¯ÙŠØ¹ 8 https://t.co/yRXzg2Ru9I",0,0,0,0
2025-01-12 14:07:41+00:00,1878443736339726561,Ssssssff_,,"#LosAngelesFire #EmiratesFACup #LijoNo #Ø­Ø±Ø§Ø¦Ù‚_Ù„ÙˆØ³_Ø£Ù†Ø¬Ù„ÙˆØ³ #Ø­Ø±Ø§Ø¦Ù‚_ÙƒØ§Ù„ÙÙˆØ±Ù†ÙŠØ§ #LisabiALegendIsBorn #StarAcademy #StarAcademy #LosAngelesFires #HarshadChopda #SCPSLB #PSVAZ #FELIP #fundamentalpapereducation #FELIPFiresUpDUNK #Michoacan #MarineEnFinale 
#Ø³Ø§Ù„Ù…_Ø¨Ù†_Ø¬Ø¯ÙŠØ¹ 7 https://t.co/yRXzg2Ru9I",0,0,0,0
2025-01-12 14:07:35+00:00,1878443712285409384,Ssssssff_,,"#LosAngelesFire #EmiratesFACup #LijoNo #Ø­Ø±Ø§Ø¦Ù‚_Ù„ÙˆØ³_Ø£Ù†Ø¬Ù„ÙˆØ³ #Ø­Ø±Ø§Ø¦Ù‚_ÙƒØ§Ù„ÙÙˆØ±Ù†ÙŠØ§ #LisabiALegendIsBorn #StarAcademy #StarAcademy #LosAngelesFires #HarshadChopda #SCPSLB #PSVAZ #FELIP #fundamentalpapereducation #FELIPFiresUpDUNK #Michoacan #MarineEnFinale 
#Ø³Ø§Ù„Ù…_Ø¨Ù†_Ø¬Ø¯ÙŠØ¹ 6 https://t.co/yRXzg2Ru9I",0,0,0,0
2025-01-12 14:06:58+00:00,1878443556815225120,loi_0li,,"#LosAngelesFire #EmiratesFACup #LijoNo #Ø­Ø±Ø§Ø¦Ù‚_Ù„ÙˆØ³_Ø£Ù†Ø¬Ù„ÙˆØ³ #Ø­Ø±Ø§Ø¦Ù‚_ÙƒØ§Ù„ÙÙˆØ±Ù†ÙŠØ§ #LisabiALegendIsBorn #StarAcademy #StarAcademy #LosAngelesFires #HarshadChopda #SCPSLB #PSVAZ #FELIP #fundamentalpapereducation #FELIPFiresUpDUNK #Michoacan #MarineEnFinale 
#Ø³Ø§Ù„Ù…_Ø¨Ù†_Ø¬Ø¯ÙŠØ¹ 4 https://t.co/g0WI2L4CTT",0,0,0,0
2025-01-12 14:06:19+00:00,1878443393396756889,loi_0li,,"#LosAngelesFire #EmiratesFACup #LijoNo #Ø­Ø±Ø§Ø¦Ù‚_Ù„ÙˆØ³_Ø£Ù†Ø¬Ù„ÙˆØ³ #Ø­Ø±Ø§Ø¦Ù‚_ÙƒØ§Ù„ÙÙˆØ±Ù†ÙŠØ§ #LisabiALegendIsBorn #StarAcademy #StarAcademy #LosAngelesFires #HarshadChopda #SCPSLB #PSVAZ #FELIP #fundamentalpapereducation #FELIPFiresUpDUNK #Michoacan #MarineEnFinale 
#Ø³Ø§Ù„Ù…_Ø¨Ù†_Ø¬Ø¯ÙŠØ¹ 10 https://t.co/g0WI2L4CTT",0,0,0,0
2025-01-12 14:06:11+00:00,1878443360794354026,loi_0li,,"#LosAngelesFire #EmiratesFACup #LijoNo #Ø­Ø±Ø§Ø¦Ù‚_Ù„ÙˆØ³_Ø£Ù†Ø¬Ù„ÙˆØ³ #Ø­Ø±Ø§Ø¦Ù‚_ÙƒØ§Ù„ÙÙˆØ±Ù†ÙŠØ§ #LisabiALegendIsBorn #StarAcademy #StarAcademy #LosAngelesFires #HarshadChopda #SCPSLB #PSVAZ #FELIP #fundamentalpapereducation #FELIPFiresUpDUNK #Michoacan #MarineEnFinale 
#Ø³Ø§Ù„Ù…_Ø¨Ù†_Ø¬Ø¯ÙŠØ¹ 9 https://t.co/g0WI2L4CTT",0,0,0,0
2025-01-12 14:06:03+00:00,1878443328464715971,loi_0li,,"#LosAngelesFire #EmiratesFACup #LijoNo #Ø­Ø±Ø§Ø¦Ù‚_Ù„ÙˆØ³_Ø£Ù†Ø¬Ù„ÙˆØ³ #Ø­Ø±Ø§Ø¦Ù‚_ÙƒØ§Ù„ÙÙˆØ±Ù†ÙŠØ§ #LisabiALegendIsBorn #StarAcademy #StarAcademy #LosAngelesFires #HarshadChopda #SCPSLB #PSVAZ #FELIP #fundamentalpapereducation #FELIPFiresUpDUNK #Michoacan #MarineEnFinale 
#Ø³Ø§Ù„Ù…_Ø¨Ù†_Ø¬Ø¯ÙŠØ¹ 8 https://t.co/g0WI2L4CTT",0,0,0,0
2025-01-12 14:05:52+00:00,1878443282335719462,loi_0li,,"#LosAngelesFire #EmiratesFACup #LijoNo #Ø­Ø±Ø§Ø¦Ù‚_Ù„ÙˆØ³_Ø£Ù†Ø¬Ù„ÙˆØ³ #Ø­Ø±Ø§Ø¦Ù‚_ÙƒØ§Ù„ÙÙˆØ±Ù†ÙŠØ§ #LisabiALegendIsBorn #StarAcademy #StarAcademy #LosAngelesFires #HarshadChopda #SCPSLB #PSVAZ #FELIP #fundamentalpapereducation #FELIPFiresUpDUNK #Michoacan #MarineEnFinale 
#Ø³Ø§Ù„Ù…_Ø¨Ù†_Ø¬Ø¯ÙŠØ¹ 7 https://t.co/g0WI2L4CTT",0,0,0,0
2025-01-12 14:05:44+00:00,1878443248361889961,loi_0li,,"#LosAngelesFire #EmiratesFACup #LijoNo #Ø­Ø±Ø§Ø¦Ù‚_Ù„ÙˆØ³_Ø£Ù†Ø¬Ù„ÙˆØ³ #Ø­Ø±Ø§Ø¦Ù‚_ÙƒØ§Ù„ÙÙˆØ±Ù†ÙŠØ§ #LisabiALegendIsBorn #StarAcademy #StarAcademy #LosAngelesFires #HarshadChopda #SCPSLB #PSVAZ #FELIP #fundamentalpapereducation #FELIPFiresUpDUNK #Michoacan #MarineEnFinale 
#Ø³Ø§Ù„Ù…_Ø¨Ù†_Ø¬Ø¯ÙŠØ¹6 https://t.co/g0WI2L4CTT",0,0,0,0
2025-01-12 14:05:35+00:00,1878443210617307172,loi_0li,,"#LosAngelesFire #EmiratesFACup #LijoNo #Ø­Ø±Ø§Ø¦Ù‚_Ù„ÙˆØ³_Ø£Ù†Ø¬Ù„ÙˆØ³ #Ø­Ø±Ø§Ø¦Ù‚_ÙƒØ§Ù„ÙÙˆØ±Ù†ÙŠØ§ #LisabiALegendIsBorn #StarAcademy #StarAcademy #LosAngelesFires #HarshadChopda #SCPSLB #PSVAZ #FELIP #fundamentalpapereducation #FELIPFiresUpDUNK #Michoacan #MarineEnFinale 
#Ø³Ø§Ù„Ù…_Ø¨Ù†_Ø¬Ø¯ÙŠØ¹ 5 https://t.co/g0WI2L4CTT",0,0,0,0
2025-01-12 14:05:24+00:00,1878443161866948944,loi_0li,,"#LosAngelesFire #EmiratesFACup #LijoNo #Ø­Ø±Ø§Ø¦Ù‚_Ù„ÙˆØ³_Ø£Ù†Ø¬Ù„ÙˆØ³ #Ø­Ø±Ø§Ø¦Ù‚_ÙƒØ§Ù„ÙÙˆØ±Ù†ÙŠØ§ #LisabiALegendIsBorn #StarAcademy #StarAcademy #LosAngelesFires #HarshadChopda #SCPSLB #PSVAZ #FELIP #fundamentalpapereducation #FELIPFiresUpDUNK #Michoacan #MarineEnFinale 
#Ø³Ø§Ù„Ù…_Ø¨Ù†_Ø¬Ø¯ÙŠØ¹ 3 https://t.co/g0WI2L4CTT",0,0,0,0
2025-01-12 14:05:10+00:00,1878443103364804920,loi_0li,,"#LosAngelesFire #EmiratesFACup #LijoNo #Ø­Ø±Ø§Ø¦Ù‚_Ù„ÙˆØ³_Ø£Ù†Ø¬Ù„ÙˆØ³ #Ø­Ø±Ø§Ø¦Ù‚_ÙƒØ§Ù„ÙÙˆØ±Ù†ÙŠØ§ #LisabiALegendIsBorn #StarAcademy #StarAcademy #LosAngelesFires #HarshadChopda #SCPSLB #PSVAZ #FELIP #fundamentalpapereducation #FELIPFiresUpDUNK #Michoacan #MarineEnFinale 
#Ø³Ø§Ù„Ù…_Ø¨Ù†_Ø¬Ø¯ÙŠØ¹ 2 https://t.co/g0WI2L4CTT",0,0,0,0
2025-01-12 14:04:54+00:00,1878443036276916359,Ssssssff_,,"#LosAngelesFire #EmiratesFACup #LijoNo #Ø­Ø±Ø§Ø¦Ù‚_Ù„ÙˆØ³_Ø£Ù†Ø¬Ù„ÙˆØ³ #Ø­Ø±Ø§Ø¦Ù‚_ÙƒØ§Ù„ÙÙˆØ±Ù†ÙŠØ§ #LisabiALegendIsBorn #StarAcademy #StarAcademy #LosAngelesFires #HarshadChopda #SCPSLB #PSVAZ #FELIP #fundamentalpapereducation #FELIPFiresUpDUNK #Michoacan #MarineEnFinale 
#Ø³Ø§Ù„Ù…_Ø¨Ù†_Ø¬Ø¯ÙŠØ¹ 5 https://t.co/yRXzg2Ru9I",0,0,0,0
2025-01-12 14:04:50+00:00,1878443021177352504,loi_0li,,"#LosAngelesFire #EmiratesFACup #LijoNo #Ø­Ø±Ø§Ø¦Ù‚_Ù„ÙˆØ³_Ø£Ù†Ø¬Ù„ÙˆØ³ #Ø­Ø±Ø§Ø¦Ù‚_ÙƒØ§Ù„ÙÙˆØ±Ù†ÙŠØ§ #LisabiALegendIsBorn #StarAcademy #StarAcademy #LosAngelesFires #HarshadChopda #SCPSLB #PSVAZ #FELIP #fundamentalpapereducation #FELIPFiresUpDUNK #Michoacan #MarineEnFinale 
#Ø³Ø§Ù„Ù…_Ø¨Ù†_Ø¬Ø¯ÙŠØ¹ https://t.co/g0WI2L4CTT",0,0,0,0
2025-01-12 14:04:49+00:00,1878443015863239075,Ssssssff_,,"#LosAngelesFire #EmiratesFACup #LijoNo #Ø­Ø±Ø§Ø¦Ù‚_Ù„ÙˆØ³_Ø£Ù†Ø¬Ù„ÙˆØ³ #Ø­Ø±Ø§Ø¦Ù‚_ÙƒØ§Ù„ÙÙˆØ±Ù†ÙŠØ§ #LisabiALegendIsBorn #StarAcademy #StarAcademy #LosAngelesFires #HarshadChopda #SCPSLB #PSVAZ #FELIP #fundamentalpapereducation #FELIPFiresUpDUNK #Michoacan #MarineEnFinale 
#Ø³Ø§Ù„Ù…_Ø¨Ù†_Ø¬Ø¯ÙŠØ¹ 4 https://t.co/yRXzg2Ru9I",0,0,0,0
2025-01-12 14:04:44+00:00,1878442996267389365,15xnQwMN6H73650,,"#LosAngelesFire #EmiratesFACup #LijoNo #Ø­Ø±Ø§Ø¦Ù‚_Ù„ÙˆØ³_Ø£Ù†Ø¬Ù„ÙˆØ³ #Ø­Ø±Ø§Ø¦Ù‚_ÙƒØ§Ù„ÙÙˆØ±Ù†ÙŠØ§ #LisabiALegendIsBorn #StarAcademy #StarAcademy #LosAngelesFires #HarshadChopda #SCPSLB #PSVAZ #FELIP #fundamentalpapereducation #FELIPFiresUpDUNK #Michoacan #MarineEnFinale 
#Ø³Ø§Ù„Ù…_Ø¨Ù†_Ø¬Ø¯ÙŠØ¹ https://t.co/aVhGpao8TJ",0,0,0,0
2025-01-12 14:04:42+00:00,1878442988289814850,Ssssssff_,,"#LosAngelesFire #EmiratesFACup #LijoNo #Ø­Ø±Ø§Ø¦Ù‚_Ù„ÙˆØ³_Ø£Ù†Ø¬Ù„ÙˆØ³ #Ø­Ø±Ø§Ø¦Ù‚_ÙƒØ§Ù„ÙÙˆØ±Ù†ÙŠØ§ #LisabiALegendIsBorn #StarAcademy #StarAcademy #LosAngelesFires #HarshadChopda #SCPSLB #PSVAZ #FELIP #fundamentalpapereducation #FELIPFiresUpDUNK #Michoacan #MarineEnFinale 
#Ø³Ø§Ù„Ù…_Ø¨Ù†_Ø¬Ø¯ÙŠØ¹ 3 https://t.co/yRXzg2Ru9I",0,0,0,0
2025-01-12 14:04:37+00:00,1878442966181679189,Ssssssff_,,"#LosAngelesFire #EmiratesFACup #LijoNo #Ø­Ø±Ø§Ø¦Ù‚_Ù„ÙˆØ³_Ø£Ù†Ø¬Ù„ÙˆØ³ #Ø­Ø±Ø§Ø¦Ù‚_ÙƒØ§Ù„ÙÙˆØ±Ù†ÙŠØ§ #LisabiALegendIsBorn #StarAcademy #StarAcademy #LosAngelesFires #HarshadChopda #SCPSLB #PSVAZ #FELIP #fundamentalpapereducation #FELIPFiresUpDUNK #Michoacan #MarineEnFinale 
#Ø³Ø§Ù„Ù…_Ø¨Ù†_Ø¬Ø¯ÙŠØ¹ 2 https://t.co/yRXzg2Ru9I",0,0,0,0
2025-01-12 14:04:32+00:00,1878442944669024750,Ssssssff_,,"#LosAngelesFire #EmiratesFACup #LijoNo #Ø­Ø±Ø§Ø¦Ù‚_Ù„ÙˆØ³_Ø£Ù†Ø¬Ù„ÙˆØ³ #Ø­Ø±Ø§Ø¦Ù‚_ÙƒØ§Ù„ÙÙˆØ±Ù†ÙŠØ§ #LisabiALegendIsBorn #StarAcademy #StarAcademy #LosAngelesFires #HarshadChopda #SCPSLB #PSVAZ #FELIP #fundamentalpapereducation #FELIPFiresUpDUNK #Michoacan #MarineEnFinale 
#Ø³Ø§Ù„Ù…_Ø¨Ù†_Ø¬Ø¯ÙŠØ¹ 1 https://t.co/yRXzg2Ru9I",0,0,0,0
2025-01-12 14:04:22+00:00,1878442901719445935,Ssssssff_,,"#LosAngelesFire #EmiratesFACup #LijoNo #Ø­Ø±Ø§Ø¦Ù‚_Ù„ÙˆØ³_Ø£Ù†Ø¬Ù„ÙˆØ³ #Ø­Ø±Ø§Ø¦Ù‚_ÙƒØ§Ù„ÙÙˆØ±Ù†ÙŠØ§ #LisabiALegendIsBorn #StarAcademy #StarAcademy #LosAngelesFires #HarshadChopda #SCPSLB #PSVAZ #FELIP #fundamentalpapereducation #FELIPFiresUpDUNK #Michoacan #MarineEnFinale 
#Ø³Ø§Ù„Ù…_Ø¨Ù†_Ø¬Ø¯ÙŠØ¹ https://t.co/yRXzg2Ru9I",0,0,0,0
2025-01-12 14:04:04+00:00,1878442828289769804,Garmentoffavour,,"RT @iNspiritextra: Take a moment to listen to Pastor Jerry Eze as he shares the key to successful spiritual warfare in 2025 â€“ THE WORD.

--â€¦",0,46,0,0
2025-01-12 14:03:34+00:00,1878442702187950176,lliium1,,"#LosAngelesFire #EmiratesFACup #LijoNo #Ø­Ø±Ø§Ø¦Ù‚_Ù„ÙˆØ³_Ø£Ù†Ø¬Ù„ÙˆØ³ #Ø­Ø±Ø§Ø¦Ù‚_ÙƒØ§Ù„ÙÙˆØ±Ù†ÙŠØ§ #LisabiALegendIsBorn #StarAcademy #StarAcademy #LosAngelesFires #HarshadChopda #SCPSLB #PSVAZ #FELIP #fundamentalpapereducation #FELIPFiresUpDUNK #Michoacan #MarineEnFinale 
#Ø³Ø§Ù„Ù…_Ø¨Ù†_Ø¬Ø¯ÙŠØ¹
Ù¡Ù  https://t.co/wFfHmkJWn0",0,0,0,0
2025-01-12 14:03:17+00:00,1878442630570484195,Ollixii8,Ø¯ÙˆÙ„Ø© Ø§Ù„ÙƒÙˆÙŠØª,"#LosAngelesFire #EmiratesFACup #LijoNo #Ø­Ø±Ø§Ø¦Ù‚_Ù„ÙˆØ³_Ø£Ù†Ø¬Ù„ÙˆØ³ #Ø­Ø±Ø§Ø¦Ù‚_ÙƒØ§Ù„ÙÙˆØ±Ù†ÙŠØ§ #LisabiALegendIsBorn #StarAcademy #StarAcademy #LosAngelesFires #HarshadChopda #SCPSLB #PSVAZ #FELIP #fundamentalpapereducation #FELIPFiresUpDUNK #Michoacan #MarineEnFinale 
#Ø³Ø§Ù„Ù…_Ø¨Ù†_Ø¬Ø¯ÙŠØ¹
10 https://t.co/QPJ9yhkQju",0,0,0,0
2025-01-12 14:03:10+00:00,1878442599909863641,Ollixii8,Ø¯ÙˆÙ„Ø© Ø§Ù„ÙƒÙˆÙŠØª,"#LosAngelesFire #EmiratesFACup #LijoNo #Ø­Ø±Ø§Ø¦Ù‚_Ù„ÙˆØ³_Ø£Ù†Ø¬Ù„ÙˆØ³ #Ø­Ø±Ø§Ø¦Ù‚_ÙƒØ§Ù„ÙÙˆØ±Ù†ÙŠØ§ #LisabiALegendIsBorn #StarAcademy #StarAcademy #LosAngelesFires #HarshadChopda #SCPSLB #PSVAZ #FELIP #fundamentalpapereducation #FELIPFiresUpDUNK #Michoacan #MarineEnFinale 
#Ø³Ø§Ù„Ù…_Ø¨Ù†_Ø¬Ø¯ÙŠØ¹
9 https://t.co/QPJ9yhkitW",0,0,0,0
2025-01-12 14:03:07+00:00,1878442587918352882,lliium1,,"#LosAngelesFire #EmiratesFACup #LijoNo #Ø­Ø±Ø§Ø¦Ù‚_Ù„ÙˆØ³_Ø£Ù†Ø¬Ù„ÙˆØ³ #Ø­Ø±Ø§Ø¦Ù‚_ÙƒØ§Ù„ÙÙˆØ±Ù†ÙŠØ§ #LisabiALegendIsBorn #StarAcademy #StarAcademy #LosAngelesFires #HarshadChopda #SCPSLB #PSVAZ #FELIP #fundamentalpapereducation #FELIPFiresUpDUNK #Michoacan #MarineEnFinale 
#Ø³Ø§Ù„Ù…_Ø¨Ù†_Ø¬Ø¯ÙŠØ¹
Ù© https://t.co/wFfHmkJWn0",0,0,0,0
2025-01-12 14:03:04+00:00,1878442574211383565,Ollixii8,Ø¯ÙˆÙ„Ø© Ø§Ù„ÙƒÙˆÙŠØª,"#LosAngelesFire #EmiratesFACup #LijoNo #Ø­Ø±Ø§Ø¦Ù‚_Ù„ÙˆØ³_Ø£Ù†Ø¬Ù„ÙˆØ³ #Ø­Ø±Ø§Ø¦Ù‚_ÙƒØ§Ù„ÙÙˆØ±Ù†ÙŠØ§ #LisabiALegendIsBorn #StarAcademy #StarAcademy #LosAngelesFires #HarshadChopda #SCPSLB #PSVAZ #FELIP #fundamentalpapereducation #FELIPFiresUpDUNK #Michoacan #MarineEnFinale 
#Ø³Ø§Ù„Ù…_Ø¨Ù†_Ø¬Ø¯ÙŠØ¹ 
8 https://t.co/QPJ9yhkitW",0,0,0,0
2025-01-12 14:02:57+00:00,1878442545333543188,lliium1,,"#LosAngelesFire #EmiratesFACup #LijoNo #Ø­Ø±Ø§Ø¦Ù‚_Ù„ÙˆØ³_Ø£Ù†Ø¬Ù„ÙˆØ³ #Ø­Ø±Ø§Ø¦Ù‚_ÙƒØ§Ù„ÙÙˆØ±Ù†ÙŠØ§ #LisabiALegendIsBorn #StarAcademy #StarAcademy #LosAngelesFires #HarshadChopda #SCPSLB #PSVAZ #FELIP #fundamentalpapereducation #FELIPFiresUpDUNK #Michoacan #MarineEnFinale 
#Ø³Ø§Ù„Ù…_Ø¨Ù†_Ø¬Ø¯ÙŠØ¹
Ù¨ https://t.co/wFfHmkJWn0",0,0,0,0
2025-01-12 14:02:55+00:00,1878442538857554270,f5jrsMPPB045225,,"#LosAngelesFire #EmiratesFACup #LijoNo #Ø­Ø±Ø§Ø¦Ù‚_Ù„ÙˆØ³_Ø£Ù†Ø¬Ù„ÙˆØ³ #Ø­Ø±Ø§Ø¦Ù‚_ÙƒØ§Ù„ÙÙˆØ±Ù†ÙŠØ§ #LisabiALegendIsBorn #StarAcademy #StarAcademy #LosAngelesFires #HarshadChopda #SCPSLB #PSVAZ #FELIP #fundamentalpapereducation #FELIPFiresUpDUNK #Michoacan #MarineEnFinale 
#Ø³Ø§Ù„Ù…_Ø¨Ù†_Ø¬Ø¯ÙŠØ¹ https://t.co/itQ4satjrs",0,0,0,0
2025-01-12 14:02:49+00:00,1878442514048307611,lliium1,,"#LosAngelesFire #EmiratesFACup #LijoNo #Ø­Ø±Ø§Ø¦Ù‚_Ù„ÙˆØ³_Ø£Ù†Ø¬Ù„ÙˆØ³ #Ø­Ø±Ø§Ø¦Ù‚_ÙƒØ§Ù„ÙÙˆØ±Ù†ÙŠØ§ #LisabiALegendIsBorn #StarAcademy #StarAcademy #LosAngelesFires #HarshadChopda #SCPSLB #PSVAZ #FELIP #fundamentalpapereducation #FELIPFiresUpDUNK #Michoacan #MarineEnFinale 
#Ø³Ø§Ù„Ù…_Ø¨Ù†_Ø¬Ø¯ÙŠØ¹ 
Ù§ https://t.co/wFfHmkJWn0",0,0,0,0
2025-01-12 14:02:44+00:00,1878442493370421445,Ollixii8,Ø¯ÙˆÙ„Ø© Ø§Ù„ÙƒÙˆÙŠØª,"#LosAngelesFire #EmiratesFACup #LijoNo #Ø­Ø±Ø§Ø¦Ù‚_Ù„ÙˆØ³_Ø£Ù†Ø¬Ù„ÙˆØ³ #Ø­Ø±Ø§Ø¦Ù‚_ÙƒØ§Ù„ÙÙˆØ±Ù†ÙŠØ§ #LisabiALegendIsBorn #StarAcademy #StarAcademy #LosAngelesFires #HarshadChopda #SCPSLB #PSVAZ #FELIP #fundamentalpapereducation #FELIPFiresUpDUNK #Michoacan #MarineEnFinale 
#Ø³Ø§Ù„Ù…_Ø¨Ù†_Ø¬Ø¯ÙŠØ¹7 https://t.co/QPJ9yhkitW",0,0,0,0
2025-01-12 14:02:44+00:00,1878442492250701844,Investortopgun,Earth,#Arknights #Alerta #CubaConVenezuela #cryptomarket #VamosLaU #BuenSabado #BundesTAK #NationalYouthDay2025 #NFLEnTelevisa #melbourneweather #LosAngelesFire #LisabiALegendIsBorn #GH11E #fundamentalpapereducation #DRFC #EmiratesFACup #ROBLOX #TheStoryofUSTheSeries #YouthDay #ifkgbg https://t.co/BXHzWH3IKR,0,0,0,0
2025-01-12 14:02:31+00:00,1878442438496313501,lliium1,,"#LosAngelesFire #EmiratesFACup #LijoNo #Ø­Ø±Ø§Ø¦Ù‚_Ù„ÙˆØ³_Ø£Ù†Ø¬Ù„ÙˆØ³ #Ø­Ø±Ø§Ø¦Ù‚_ÙƒØ§Ù„ÙÙˆØ±Ù†ÙŠØ§ #LisabiALegendIsBorn #StarAcademy #StarAcademy #LosAngelesFires #HarshadChopda #SCPSLB #PSVAZ #FELIP #fundamentalpapereducation #FELIPFiresUpDUNK #Michoacan #MarineEnFinale 
#Ø³Ø§Ù„Ù…_Ø¨Ù†_Ø¬Ø¯ÙŠØ¹
Ù¦ https://t.co/wFfHmkJWn0",0,0,0,0
2025-01-12 14:02:21+00:00,1878442393533284671,lliium1,,"#LosAngelesFire #EmiratesFACup #LijoNo #Ø­Ø±Ø§Ø¦Ù‚_Ù„ÙˆØ³_Ø£Ù†Ø¬Ù„ÙˆØ³ #Ø­Ø±Ø§Ø¦Ù‚_ÙƒØ§Ù„ÙÙˆØ±Ù†ÙŠØ§ #LisabiALegendIsBorn #StarAcademy #StarAcademy #LosAngelesFires #HarshadChopda #SCPSLB #PSVAZ #FELIP #fundamentalpapereducation #FELIPFiresUpDUNK #Michoacan #MarineEnFinale 
#Ø³Ø§Ù„Ù…_Ø¨Ù†_Ø¬Ø¯ÙŠØ¹
Ù¥ https://t.co/wFfHmkJWn0",0,0,0,0
